{
    "size": 947073,
    "num_sentences": 3268785,
    "parallelization_missing_records": 644203,
    "parallelization_perc": 31.979583411204835,
    "total_tokens": 59384518,
    "avg_tokens_per_sentence": 18.167308857770706
}